"Designator","Qty","Comment","DNP","Exclude from BOM","Exclude from Board","Exclude from Simulation","Exclude from Position Files","Footprint","Datasheet","JLCPCB Part #"
"C202,C203","2","10pF","","","","","${EXCLUDE_FROM_POS_FILES}","Capacitor_SMD:C_0402_1005Metric","","C32949"
"C207,C403","2","10n","","","","","${EXCLUDE_FROM_POS_FILES}","Capacitor_SMD:C_0402_1005Metric","","C15195"
"C304","1","47n","","","","","${EXCLUDE_FROM_POS_FILES}","Capacitor_SMD:C_0402_1005Metric","","C880605"
"C201,C204,C205,C206,C209,C210,C301,C401,C402,C502,C503,C505,C506,C507,C508,C509,C510","17","100n","","","","","${EXCLUDE_FROM_POS_FILES}","Capacitor_SMD:C_0402_1005Metric","","C1525"
"C302","1","470n","","","","","${EXCLUDE_FROM_POS_FILES}","Capacitor_SMD:C_0603_1608Metric","","C1623"
"C311,C312,C314,C501,C504","5","1u","","","","","${EXCLUDE_FROM_POS_FILES}","Capacitor_SMD:C_0402_1005Metric","","C52923"
"L301","1","1u","","","","","${EXCLUDE_FROM_POS_FILES}","","","C84468"
"C303,C404","2","2.2u","","","","","${EXCLUDE_FROM_POS_FILES}","Capacitor_SMD:C_0402_1005Metric","","C12530"
"C208,C305","2","4u7","","","","","${EXCLUDE_FROM_POS_FILES}","Capacitor_SMD:C_0402_1005Metric","","C23733"
"C310","1","8.2u","","","","","${EXCLUDE_FROM_POS_FILES}","Capacitor_SMD:C_1206_3216Metric","","C2182568"
"C306,C307,C308,C309,C405","5","10u","","","","","${EXCLUDE_FROM_POS_FILES}","Capacitor_SMD:C_0402_1005Metric","","C15525"
"C406","1","470u","","","","","${EXCLUDE_FROM_POS_FILES}","Capacitor_SMD:CP_Elec_10x10.5","","C178566"
"R306","1","10m","","","","","${EXCLUDE_FROM_POS_FILES}","Resistor_SMD:R_2512_6332Metric","","C105142"
"R404,R407","2","200m","","","","","${EXCLUDE_FROM_POS_FILES}","Resistor_SMD:R_0805_2012Metric","","C2074761"
"R314","1","100","","","","","${EXCLUDE_FROM_POS_FILES}","Resistor_SMD:R_0402_1005Metric","","C25076"
"R308","1","470R","","","","","${EXCLUDE_FROM_POS_FILES}","Resistor_SMD:R_0402_1005Metric","","C25117"
"R202,R203,R305,R401,R402,R403,R405,R406","8","1k","","","","","${EXCLUDE_FROM_POS_FILES}","Resistor_SMD:R_0402_1005Metric","","C11702"
"R207,R208,R317","3","4.7k","","","","","${EXCLUDE_FROM_POS_FILES}","Resistor_SMD:R_0402_1005Metric","","C25900"
"R302,R303,R312,R313","4","5k1","","","","","${EXCLUDE_FROM_POS_FILES}","Resistor_SMD:R_0402_1005Metric","","C25905"
"R307,R309,R310,R311,R315,R316,R408","7","10k","","","","","${EXCLUDE_FROM_POS_FILES}","Resistor_SMD:R_0402_1005Metric","","C25744"
"R301,R304","2","100k","","","","","${EXCLUDE_FROM_POS_FILES}","Resistor_SMD:R_0402_1005Metric","","C25741"
"U302","1","BQ25896RTWR","","","","","${EXCLUDE_FROM_POS_FILES}","Package_DFN_QFN:Texas_RTW_WQFN-24-1EP_4x4mm_P0.5mm_EP2.7x2.7mm","http://www.ti.com/lit/ds/symlink/bq25896.pdf","C181475"
"U303","1","BQ27220YZFR","","","","","${EXCLUDE_FROM_POS_FILES}","Package_BGA:Texas_DSBGA-9_1.4715x1.4715mm_Layout3x3_P0.5mm","http://www.ti.com/lit/ds/symlink/lm4990.pdf","C528617"
"U305","1","BU33SD5WG-TR","","","","","${EXCLUDE_FROM_POS_FILES}","Package_TO_SOT_SMD:TSOT-23-5","https://ww1.microchip.com/downloads/aemDocuments/documents/APID/ProductDocuments/DataSheets/MIC5365-6-High-Performance-Single-150mA-LDO-DS20006605A.pdf","C3750265"
"J201","1","Conn_ST_STDC14","","","","","${EXCLUDE_FROM_POS_FILES}","Connector_PinHeader_1.27mm:PinHeader_2x07_P1.27mm_Vertical_SMD","https://www.st.com/content/ccc/resource/technical/document/user_manual/group1/99/49/91/b6/b2/3a/46/e5/DM00526767/files/DM00526767.pdf/jcr:content/translations/en.DM00526767.pdf","C3975190"
"Q303","1","DMN313DLT-7","","","","","${EXCLUDE_FROM_POS_FILES}","Package_TO_SOT_SMD:SOT-523","http://www.diodes.com/assets/Datasheets/DMN3110S.pdf","C155524"
"Q302","1","DMP1045U-7","","","","","${EXCLUDE_FROM_POS_FILES}","Package_TO_SOT_SMD:SOT-23","https://www.diodes.com/assets/Datasheets/DMP3099L.pdf","C177033"
"U402","1","DRV8833PW-PR","","","","","${EXCLUDE_FROM_POS_FILES}","Package_SO:TSSOP-16-1EP_4.4x5mm_P0.65mm_EP3x3mm","http://www.ti.com/lit/ds/symlink/drv8833.pdf","C50506"
"D201","1","GREEN","","","","","${EXCLUDE_FROM_POS_FILES}","LED_SMD:LED_0603_1608Metric","","C12624"
"U401","1","LSM6DSL","","","","","${EXCLUDE_FROM_POS_FILES}","Package_LGA:LGA-14_3x2.5mm_P0.5mm_LayoutBorder3x4y","https://www.st.com/resource/en/datasheet/lsm6dsl.pdf","C126672"
"Q301","1","MMDT2222A","","","","","${EXCLUDE_FROM_POS_FILES}","Package_TO_SOT_SMD:SOT-363_SC-70-6","http://www.diodes.com/_files/datasheets/ds30125.pdf","C7603394"
"D202","1","RED","","","","","${EXCLUDE_FROM_POS_FILES}","LED_SMD:LED_0603_1608Metric","","C2286"
"U501","1","SN74AHCT1G125DBVR","","","","","${EXCLUDE_FROM_POS_FILES}","Package_TO_SOT_SMD:SOT-23-5","http://www.ti.com/lit/sg/scyt129e/scyt129e.pdf","C20617903"
"D303","1","STAT","","","","","${EXCLUDE_FROM_POS_FILES}","LED_SMD:LED_0603_1608Metric","","C111340"
"U201","1","STM32G431RBT6","","","","","${EXCLUDE_FROM_POS_FILES}","Package_QFP:LQFP-64_10x10mm_P0.5mm","https://www.st.com/resource/en/datasheet/stm32g431rb.pdf","C431633"
"SW101,SW201","2","SW_Push","","","","","${EXCLUDE_FROM_POS_FILES}","Button_Switch_SMD:SW_Push_1P1T_NO_CK_KMR2","","C72443"
"J301","1","USB_C_Receptacle_USB2.0_16P","","","","","${EXCLUDE_FROM_POS_FILES}","Connector_USB:USB_C_Receptacle_GCT_USB4105-xx-A_16P_TopMnt_Horizontal","https://www.usb.org/sites/default/files/documents/usb_type-c.zip","C2765186"
"U301","1","USBLC6-2SC6","","","","","${EXCLUDE_FROM_POS_FILES}","Package_TO_SOT_SMD:SOT-23-6","https://www.st.com/resource/en/datasheet/usblc6-2.pdf","C7519"
"D502","1","WS2812B","","","","","${EXCLUDE_FROM_POS_FILES}","LED_SMD:LED_WS2812B-Mini_PLCC4_3.5x3.5mm","https://cdn-shop.adafruit.com/datasheets/WS2812B.pdf","C527089"
"Y201","1","X322516MLB4SI","","","","","${EXCLUDE_FROM_POS_FILES}","Crystal:Crystal_SMD_EuroQuartz_MT-4Pin_3.2x2.5mm","https://jlcpcb.com/partdetail/YXC_CrystalOscillators-X322516MLB4SI/C13738","C13738"
"D302","1","~{PG}","","","","","${EXCLUDE_FROM_POS_FILES}","LED_SMD:LED_0603_1608Metric","","C12624"
