Comment,Designator,Footprint,JLCPCB Part #
10pF,"C202,C203",Capacitor_SMD:C_0402_1005Metric,C32949
10n,"C207,C403",Capacitor_SMD:C_0402_1005Metric,C15195
47n,C304,Capacitor_SMD:C_0402_1005Metric,C880605
100n,"C201,C204,C205,C206,C209,C210,C301,C401,C402,C502,C503,C505,C506,C507,C508,C509,C510",Capacitor_SMD:C_0402_1005Metric,C1525
470n,C302,Capacitor_SMD:C_0603_1608Metric,C1623
1u,"C311,C312,C314,C501,C504",Capacitor_SMD:C_0402_1005Metric,C52923
1u,L301,,C84468
2.2u,"C303,C404",Capacitor_SMD:C_0402_1005Metric,C12530
4u7,"C208,C305",Capacitor_SMD:C_0402_1005Metric,C23733
8.2u,C310,Capacitor_SMD:C_1206_3216Metric,C2182568
10u,"C306,C307,C308,C309,C405",Capacitor_SMD:C_0402_1005Metric,C15525
470u,C406,Capacitor_SMD:CP_Elec_10x10.5,C178566
10m,R306,Resistor_SMD:R_2512_6332Metric,C105142
200m,"R404,R407",Resistor_SMD:R_0805_2012Metric,C2074761
100,R314,Resistor_SMD:R_0402_1005Metric,C25076
470R,R308,Resistor_SMD:R_0402_1005Metric,C25117
1k,"R202,R203,R305,R401,R402,R403,R405,R406",Resistor_SMD:R_0402_1005Metric,C11702
4.7k,"R207,R208,R317",Resistor_SMD:R_0402_1005Metric,C25900
5k1,"R302,R303,R312,R313",Resistor_SMD:R_0402_1005Metric,C25905
10k,"R307,R309,R310,R311,R315,R316,R408",Resistor_SMD:R_0402_1005Metric,C25744
100k,"R301,R304",Resistor_SMD:R_0402_1005Metric,C25741
BQ25896RTWR,U302,Package_DFN_QFN:Texas_RTW_WQFN-24-1EP_4x4mm_P0.5mm_EP2.7x2.7mm,C181475
BQ27220YZFR,U303,Package_BGA:Texas_DSBGA-9_1.4715x1.4715mm_Layout3x3_P0.5mm,C528617
BU33SD5WG-TR,U305,Package_TO_SOT_SMD:TSOT-23-5,C3750265
Conn_ST_STDC14,J201,Connector_PinHeader_1.27mm:PinHeader_2x07_P1.27mm_Vertical_SMD,C3975190
DMN313DLT-7,Q303,Package_TO_SOT_SMD:SOT-523,C155524
DMP1045U-7,Q302,Package_TO_SOT_SMD:SOT-23,C177033
DRV8833PW-PR,U402,Package_SO:TSSOP-16-1EP_4.4x5mm_P0.65mm_EP3x3mm,C50506
GREEN,D201,LED_SMD:LED_0603_1608Metric,C12624
LSM6DSL,U401,Package_LGA:LGA-14_3x2.5mm_P0.5mm_LayoutBorder3x4y,C126672
MMDT2222A,Q301,Package_TO_SOT_SMD:SOT-363_SC-70-6,C7603394
RED,D202,LED_SMD:LED_0603_1608Metric,C2286
SN74AHCT1G125DBVR,U501,Package_TO_SOT_SMD:SOT-23-5,C20617903
STAT,D303,LED_SMD:LED_0603_1608Metric,C111340
STM32G431RBT6,U201,Package_QFP:LQFP-64_10x10mm_P0.5mm,C431633
SW_Push,"SW101,SW201",Button_Switch_SMD:SW_Push_1P1T_NO_CK_KMR2,C72443
USB_C_Receptacle_USB2.0_16P,J301,Connector_USB:USB_C_Receptacle_GCT_USB4105-xx-A_16P_TopMnt_Horizontal,C2765186
USBLC6-2SC6,U301,Package_TO_SOT_SMD:SOT-23-6,C7519
WS2812B,D502,LED_SMD:LED_WS2812B-Mini_PLCC4_3.5x3.5mm,C527089
X322516MLB4SI,Y201,Crystal:Crystal_SMD_EuroQuartz_MT-4Pin_3.2x2.5mm,C13738
~{PG},D302,LED_SMD:LED_0603_1608Metric,C12624
