Designator,Mid X,Mid Y,Layer,Rotation
C201,137.25,-100.7625,top,180
C202,131.25,-98.4625,top,90
C203,131.25,-100.4625,top,-90
C204,150.05,-107.9825,top,-90
C205,139.23,-93.7625,top,180
C206,151.65,-95.9625,top,0
C207,147.3,-109.4825,top,-90
C208,138.05,-95.4625,top,180
C209,138.25,-106.1425,top,-90
C210,146.3,-109.4625,top,-90
C301,187.75,-107.2925,top,90
C302,191.155,-121.295,top,90
C303,189.335,-121.916881,top,-90
C304,169.76,-121.191881,top,0
C305,173.42,-119.9125,top,180
C306,176.35,-125.671881,top,-90
C307,172.26,-123.891881,top,90
C308,177.45,-125.6625,top,-90
C309,173.56,-123.871881,top,90
C310,172.225,-117.9,top,0
C311,190.635,-126.9825,top,-90
C312,175.99,-120.691881,top,0
C314,180.035,-117.471881,top,-90
C401,141.9,-57.1625,top,0
C402,141.9,-58.1625,top,0
C403,146.44,-124.6525,top,90
C404,144.35,-124.6525,top,-90
C405,145.39,-124.6525,top,-90
C406,148.45,-117.4625,top,0
C501,109,-122.4125,top,-90
C502,108.8,-106.6125,top,90
C503,115.1,-111.9825,top,90
C504,108.95,-133.6825,top,-90
C505,147.53,-82.9625,top,180
C506,144.75,-140.2625,top,0
C507,123.37,-140.2625,top,0
C508,109.17,-87.7625,top,0
C509,134.15,-83.2825,top,-90
C510,169.65,-83.4825,top,-90
D201,195.3625,-117.8125,top,180
D202,193.2125,-101.9125,top,180
D302,170.7125,-115.6875,top,0
D303,170.7125,-114.0625,top,0
D502,112.41,-108.5225,top,0
J201,132.61,-118.4125,top,90
J301,196.25,-110.1425,top,90
L301,173.945,-121.3525,top,0
Q301,178.7875,-131.7125,top,180
Q302,178.8,-135,top,-90
Q303,170.105,-130.491881,top,180
R202,195.35,-119.3125,top,0
R203,193.49,-103.4625,top,0
R207,161.2,-108.2625,top,90
R208,164.05,-124.3625,top,0
R301,178.85,-129.9625,top,180
R302,190.06,-108.4625,top,180
R303,190.06,-111.4625,top,180
R304,181.45,-132.9525,top,-90
R305,166.99,-116.0375,top,0
R306,186.16,-125.291881,top,0
R307,183.21,-120.541881,top,0
R308,169.06,-128.491881,top,90
R309,170.57,-128.891881,top,0
R310,170.56,-127.791881,top,180
R311,183.685,-122.016881,top,-90
R312,167,-114.9375,top,180
R313,166.99,-113.8375,top,180
R314,174.15,-131.0625,top,180
R315,172.35,-131.5525,top,-90
R316,167.55,-127.991881,top,0
R317,165.135,-126.766881,top,90
R401,151.9,-57.1625,top,180
R402,151.9,-56.1625,top,180
R403,141.9,-59.1625,top,0
R404,150.05,-130.2625,top,180
R405,140.65,-133.1625,top,180
R406,149.75,-133.0625,top,0
R407,140.4375,-130.2625,top,0
R408,151.9,-58.1625,top,180
SW101,186.06,-129.091881,top,180
SW201,133.45,-103.7625,top,0
U201,145.05,-100.9625,top,0
U301,186.1875,-110.4125,top,180
U302,168.7975,-124.441881,top,0
U303,186.16,-121.291881,top,0
U305,176.8475,-117.941881,top,0
U401,146.9,-57.1625,top,180
U402,145.345,-130.1625,top,90
U501,118.3625,-108.6125,top,180
Y201,134.05,-99.4625,top,180
